{
  "meta": {
    "name": "Chapter 5 Gedanken V2.0 \u2014 PHWR-style subcritical surrogate dataset (U-233/Th)",
    "seed": 42,
    "n_samples": 1500,
    "attempts": 14932,
    "nx_reference": 36,
    "subcritical_gate": {
      "keff_lt": 1.0,
      "keff_target_max": 0.98
    },
    "envelopes": {
      "power_W_max": 500000000.0,
      "power_density_W_cm3_max": 100.0
    }
  },
  "columns": {
    "core_radius_cm": {
      "unit": "cm",
      "desc": "Core fuel region radius",
      "type": "float",
      "min": 50.06834963838308,
      "max": 149.9542540604693,
      "mean": 92.96855854327929
    },
    "blanket_thickness_cm": {
      "unit": "cm",
      "desc": "Radial blanket thickness",
      "type": "float",
      "min": 0.16455476984986728,
      "max": 99.9539752085655,
      "mean": 60.257998705178885
    },
    "height_cm": {
      "unit": "cm",
      "desc": "Active height of core/blanket (same height)",
      "type": "float",
      "min": 100.09254751023487,
      "max": 299.7127953032154,
      "mean": 199.02461438164323
    },
    "initial_U233_frac": {
      "unit": "fraction",
      "desc": "Initial heavy-metal atomic fraction of U-233 in core fuel",
      "type": "float",
      "min": 1.3981686441999487e-05,
      "max": 0.04713646394985907,
      "mean": 0.011715467615524175
    },
    "core_aspect": {
      "unit": "-",
      "desc": "H / (2*R_core)",
      "type": "float",
      "min": 0.3373032808756612,
      "max": 2.8386104759154147,
      "mean": 1.1891219367723334
    },
    "blanket_to_core_radius_ratio": {
      "unit": "-",
      "desc": "(R_core + t_blanket) / R_core",
      "type": "float",
      "min": 1.0015602388054738,
      "max": 2.9503658066908525,
      "mean": 1.7238862233995167
    },
    "keff_est": {
      "unit": "-",
      "desc": "One-group diffusion proxy k_eff",
      "type": "float",
      "min": 0.0008342893594652133,
      "max": 0.9763065437612072,
      "mean": 0.5064504166811884
    },
    "eta_est": {
      "unit": "-",
      "desc": "Infinite-medium proxy eta = nu\u03a3f/\u03a3a (volume-weighted)",
      "type": "float",
      "min": 0.0008349297297199422,
      "max": 0.9781539995509161,
      "mean": 0.5069281169681374
    },
    "flux_shape_metric": {
      "unit": "-",
      "desc": "1 - J0(2.405*R_core/R_total), clamped [0,1]",
      "type": "float",
      "min": 0.15934583738150676,
      "max": 0.998144185515749,
      "mean": 0.4836106018359384
    },
    "breeding_proxy_atoms": {
      "unit": "atoms",
      "desc": "Bred U-233 atoms after 1 day (Th->Pa->U), proxy",
      "type": "float",
      "min": 2.799386245509016e+20,
      "max": 2.7601533746339547e+22,
      "mean": 6.129075204116142e+21
    },
    "breeding_proxy_norm": {
      "unit": "-",
      "desc": "Bred U-233 normalized by initial Th inventory",
      "type": "float",
      "min": 2.8920466848007568e-09,
      "max": 1.5557920823935193e-07,
      "mean": 9.084823879548808e-09
    },
    "total_power_W": {
      "unit": "W",
      "desc": "Thermal power proxy from fission rate in core",
      "type": "float",
      "min": 57586.27951927691,
      "max": 499744026.94357866,
      "mean": 85849992.308567
    },
    "avg_core_power_density_W_cm3": {
      "unit": "W/cm^3",
      "desc": "Power density proxy (thermal constraint)",
      "type": "float",
      "min": 0.005612986229529698,
      "max": 99.06506642310599,
      "mean": 17.685297143818996
    },
    "violates_power_envelope": {
      "unit": "bool",
      "desc": "True if total_power exceeds envelope limit",
      "type": "bool",
      "mean_true": 0.0
    },
    "violates_temp_envelope": {
      "unit": "bool",
      "desc": "True if avg core power density exceeds envelope limit",
      "type": "bool",
      "mean_true": 0.0
    },
    "margin_keff": {
      "unit": "-",
      "desc": "KEFF_TARGET_MAX - keff_est",
      "type": "float",
      "min": 0.0036934562387928027,
      "max": 0.9791657106405348,
      "mean": 0.47354958331881153
    },
    "margin_power_W": {
      "unit": "W",
      "desc": "POWER_ENV_MAX_W - total_power",
      "type": "float",
      "min": 255973.0564213395,
      "max": 499942413.72048074,
      "mean": 414150007.69143295
    },
    "margin_temp_W_cm3": {
      "unit": "W/cm^3",
      "desc": "POWER_DENSITY_MAX - avg_power_density",
      "type": "float",
      "min": 0.9349335768940108,
      "max": 99.99438701377046,
      "mean": 82.31470285618101
    },
    "safety_margin": {
      "unit": "fraction",
      "desc": "min of normalized margins (keff, power, temp)",
      "type": "float",
      "min": 0.000511946112842679,
      "max": 0.9991486843270764,
      "mean": 0.4819536896548144
    }
  }
}