{
  "fuel_heavy_metal": {
    "description": "Fuel heavy metal mixture in core region: Th-232 + U-233 (fraction varies by sample).",
    "number_density_atoms_cm3": 4.8e+22,
    "composition_template": {
      "Th232": "1 - initial_U233_frac",
      "U233": "initial_U233_frac"
    }
  },
  "blanket_heavy_metal": {
    "description": "Blanket heavy metal assumed Th-232 (for breeding proxy).",
    "number_density_atoms_cm3": 4.8e+22,
    "composition": {
      "Th232": 1.0
    }
  },
  "moderator": {
    "description": "PHWR-style moderator (heavy water). Not explicitly modeled in one-group proxy.",
    "material": "D2O"
  },
  "reflector": {
    "description": "Reflector/structure boundary. Leakage approximated via buckling.",
    "material": "Graphite/structure"
  }
}