{
  "sigma_f_U233_b": 534.072,
  "sigma_c_U233_b": 42.329,
  "sigma_ng_Th232_b": 7.33806,
  "nubar_U233": 2.5,
  "lambda_Pa233_s": 2.974063693062615e-07,
  "used_exfor": false,
  "source_info": {
    "U233_fission": {
      "source": "ENDF",
      "library": "ENDF/B-VIII.0",
      "E_eV": 0.0253,
      "note": "manual thermal point 2.53e-8 MeV"
    },
    "U233_capture": {
      "source": "ENDF",
      "library": "ENDF/B-VIII.0",
      "E_eV": 0.0253,
      "note": "manual thermal point 2.53e-8 MeV"
    },
    "Th232_capture": {
      "source": "ENDF",
      "library": "ENDF/B-VIII.0",
      "E_eV": 0.0253,
      "note": "manual thermal point 2.53e-8 MeV"
    }
  }
}